[
    {
        "ParameterKey": "BucketName",
        "ParameterValue": "nivas-s3bucket"
    },
    {
        "ParameterKey": "GitHubToken",
        "ParameterValue": "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"
    }
    {
        "ParameterKey": "GitHubOwner",
        "ParameterValue": "Nivas-stelligent"
    },
    {
        "ParameterKey": "GitHubRepo",
        "ParameterValue": "CodePipeline-repo"
    },
    {
        "ParameterKey": "GitHubBranch",
        "ParameterValue": "main"
    },
    {
        "ParameterKey": "ApplicationStackName",
        "ParameterValue": "pipeline-app"
    },
    {
        "ParameterKey": "StackBucketName",
        "ParameterValue": "pipeline-bucket"
    }	
]